-- phpMyAdmin SQL Dump
-- version 3.4.10.1
-- http://www.phpmyadmin.net
--
-- 主机: localhost
-- 生成日期: 2015 年 03 月 24 日 11:45
-- 服务器版本: 5.5.20
-- PHP 版本: 5.3.10

SET SQL_MODE="NO_AUTO_VALUE_ON_ZERO";
SET time_zone = "+00:00";


/*!40101 SET @OLD_CHARACTER_SET_CLIENT=@@CHARACTER_SET_CLIENT */;
/*!40101 SET @OLD_CHARACTER_SET_RESULTS=@@CHARACTER_SET_RESULTS */;
/*!40101 SET @OLD_COLLATION_CONNECTION=@@COLLATION_CONNECTION */;
/*!40101 SET NAMES utf8 */;

--
-- 数据库: `mfzmdb`
--

-- --------------------------------------------------------

--
-- 表的结构 `amountinfo_tb`
--

CREATE TABLE IF NOT EXISTS `amountinfo_tb` (
  `userID` int(10) NOT NULL,
  `bbsID` int(8) NOT NULL,
  `time` datetime NOT NULL,
  `amount` int(6) NOT NULL
) ENGINE=MyISAM DEFAULT CHARSET=utf8 COMMENT='会员消费信息表';

--
-- 转存表中的数据 `amountinfo_tb`
--

INSERT INTO `amountinfo_tb` (`userID`, `bbsID`, `time`, `amount`) VALUES
(100000, 10001, '2015-03-19 00:05:20', 168),
(100018, 10002, '2015-03-20 00:32:05', 18),
(100000, 10001, '2015-03-20 19:46:39', 38),
(100000, 10001, '2015-03-22 01:48:34', 120),
(100000, 10001, '2015-03-22 01:48:49', 50),
(100000, 10001, '2015-03-22 01:49:24', 55),
(100000, 10001, '2015-03-22 01:49:46', 68),
(100000, 10001, '2015-03-22 01:53:28', 68),
(100014, 10001, '2015-03-22 15:33:00', 38),
(100001, 10000, '2015-03-22 16:49:48', 15),
(100016, 10000, '2015-03-22 16:55:40', 28);

-- --------------------------------------------------------

--
-- 表的结构 `bbsinfo_tb`
--

CREATE TABLE IF NOT EXISTS `bbsinfo_tb` (
  `bbsID` int(8) NOT NULL AUTO_INCREMENT,
  `barberShop` varchar(12) NOT NULL,
  `bbsPW` varchar(20) NOT NULL,
  `bbsPWP` varchar(42) NOT NULL,
  `startTime` datetime NOT NULL,
  `location` varchar(20) NOT NULL,
  PRIMARY KEY (`bbsID`)
) ENGINE=MyISAM  DEFAULT CHARSET=utf8 COMMENT='店家信息表' AUTO_INCREMENT=10003 ;

--
-- 转存表中的数据 `bbsinfo_tb`
--

INSERT INTO `bbsinfo_tb` (`bbsID`, `barberShop`, `bbsPW`, `bbsPWP`, `startTime`, `location`) VALUES
(10000, 'é‡‘å‰ªåˆ€', '234567', 'æˆ‘çš„å®¶åœ¨å“ªé‡Œ-ä¸œåŒ—', '2015-03-15 17:30:31', 'ç¦å»º-å—å¹³'),
(10001, 'æˆåŠŸé€ åž‹', '123456', 'æˆ‘çš„åˆä¸­ç­ä¸»ä»»-åˆ˜ä¸œ', '2015-03-15 18:43:38', 'æ¹–å—-é•¿æ²™'),
(10002, 'å¦™å‰ª', 'miao123896', '2015å¹´é¢„æœŸè¥ä¸šé¢-15ä¸‡', '2015-03-15 20:38:36', 'æµ™æ±Ÿ-ç»å…´');

-- --------------------------------------------------------

--
-- 表的结构 `incomeinfo_tb`
--

CREATE TABLE IF NOT EXISTS `incomeinfo_tb` (
  `bbsID` int(8) NOT NULL,
  `userID` int(10) NOT NULL,
  `time` datetime NOT NULL,
  `income` int(10) NOT NULL
) ENGINE=MyISAM DEFAULT CHARSET=utf8 COMMENT='店家收入信息表';

--
-- 转存表中的数据 `incomeinfo_tb`
--

INSERT INTO `incomeinfo_tb` (`bbsID`, `userID`, `time`, `income`) VALUES
(10000, 100001, '2015-03-18 13:17:59', 90),
(10000, 100002, '2015-03-18 13:18:20', 150),
(10000, 100005, '2015-03-18 13:19:17', 80),
(10000, 100006, '2015-03-18 13:19:32', 200),
(10000, 100015, '2015-03-18 13:20:03', 300),
(10000, 100016, '2015-03-18 13:20:20', 50),
(10000, 100017, '2015-03-18 13:20:35', 800),
(10001, 100000, '2015-03-18 13:22:24', 2000),
(10001, 100007, '2015-03-18 13:22:41', 150),
(10001, 100008, '2015-03-18 13:22:50', 50),
(10001, 100012, '2015-03-18 13:23:29', 800),
(10001, 100013, '2015-03-18 13:23:42', 200),
(10001, 100014, '2015-03-18 13:23:56', 500),
(10002, 100003, '2015-03-18 13:25:27', 150),
(10002, 100004, '2015-03-18 13:25:38', 80),
(10002, 100009, '2015-03-18 13:25:57', 300),
(10002, 100010, '2015-03-18 13:26:19', 100),
(10002, 100011, '2015-03-18 13:26:36', 1000),
(10002, 100018, '2015-03-20 00:31:16', 300),
(10001, 100014, '2015-03-22 15:30:01', 400),
(10000, 100016, '2015-03-22 16:54:05', 50);

-- --------------------------------------------------------

--
-- 表的结构 `userinfo_tb`
--

CREATE TABLE IF NOT EXISTS `userinfo_tb` (
  `userID` int(10) NOT NULL AUTO_INCREMENT,
  `bbsID` int(8) NOT NULL,
  `userName` varchar(30) NOT NULL,
  `userPW` varchar(20) NOT NULL,
  `cardID` varchar(15) NOT NULL,
  `userPWP` varchar(42) NOT NULL,
  `startTime` datetime NOT NULL,
  `remainAmount` int(6) NOT NULL,
  `allRecharge` int(8) NOT NULL,
  PRIMARY KEY (`userID`)
) ENGINE=MyISAM  DEFAULT CHARSET=utf8 COMMENT='会员信息表' AUTO_INCREMENT=100019 ;

--
-- 转存表中的数据 `userinfo_tb`
--

INSERT INTO `userinfo_tb` (`userID`, `bbsID`, `userName`, `userPW`, `cardID`, `userPWP`, `startTime`, `remainAmount`, `allRecharge`) VALUES
(100000, 10001, 'å†‰å…‰å®‡', 'kylin', 'cgzx800623', 'æˆ‘çš„å†œåŽ†ç”Ÿæ—¥-93å¹´3æœˆ29', '2015-03-15 18:55:08', 1433, 2000),
(100001, 10000, 'æ¨æœæ¥', 'jjkon350', 'jjd800912', 'æˆ‘æœ€å–œæ¬¢ä¸‹çš„æ£‹-äº”å­æ£‹', '2015-03-15 20:25:23', 75, 90),
(100002, 10000, 'è’‹å¹³', '89037ryu7', 'jjd300321', 'æˆ‘æ¯äº²çš„å§“å-é˜³å€©èŽ¹', '2015-03-15 20:33:06', 150, 150),
(100003, 10002, 'é‚“å¿—å‹‡', 'jfds47890', 'mj500501', 'æˆ‘çš„å­¦å·-20127917', '2015-03-15 20:43:18', 150, 150),
(100004, 10002, 'æŽä¿Š', '1234567rrg', 'mj500892', 'æˆ‘åª³å¦‡çš„ç”Ÿæ—¥-19908090', '2015-03-15 21:07:37', 80, 80),
(100005, 10000, 'çŽ‹éœ‡', 'rrbdwcsg123', 'jjd897103', 'é«˜ä¸­ç­ä¸»ä»»-é˜³å¨£', '2015-03-15 21:13:57', 80, 80),
(100006, 10000, 'å°¹ä¼šå—', 'ttt77788', 'jjd400901', 'æˆ‘çš„å­¦å·-20110981', '2015-03-16 22:40:35', 200, 200),
(100007, 10001, 'æ¨æ³¢', '3.1415926535', 'cgzx800721', 'æˆ‘çˆ¶äº²çš„å§“å-æ¨çŸ¥', '2015-03-16 22:43:53', 150, 150),
(100008, 10001, 'åˆ˜æµ·å…µ', '88866677', 'cgzx800723', 'æˆ‘æ¯äº²çš„ç”Ÿæ—¥-19700708', '2015-03-16 22:45:01', 50, 50),
(100009, 10002, 'å•çº¢', 'ccfdsaooo90', 'mj098713', 'æˆ‘çš„å°å­¦æ ¡å-å¤©å¤©å°å­¦', '2015-03-16 22:47:43', 300, 300),
(100010, 10002, 'å¶æ±çº¢', '326yyuzxc', 'mj0987132', 'æˆ‘å°å­¦ç­ä¸»ä»»çš„åå­—-åˆ˜å‹‡è¾‰', '2015-03-16 22:57:49', 100, 100),
(100011, 10002, 'åˆ˜ä¼ŸåŽ', 'jkomnc....89', 'mj0987132', 'æˆ‘åˆä¸­ç­ä¸»ä»»çš„åå­—-æœ±æ™ºæ–°', '2015-03-16 23:04:42', 1000, 1000),
(100012, 10001, 'æŽè‡ªæ–°', 'qwer1234', 'cgzx800672', 'æˆ‘çš„å‡ºç”Ÿåœ°-é‡åº†', '2015-03-16 23:13:13', 800, 800),
(100013, 10001, 'é©¬è¾¾', 'opop890', 'cgzx800672', 'æˆ‘çˆ¶äº²çš„å§“å-é©¬å¦‚é¾™', '2015-03-16 23:14:43', 200, 200),
(100014, 10001, 'æŽå›ç³', '000o0ooo0...', 'cgzx900321', 'å°å­¦æ ¡å-æ˜Žå¾·å°å­¦', '2015-03-16 23:15:48', 862, 900),
(100015, 10000, 'æ¯•æ³—è¿', 'llllll11111', 'jjd721489', 'çˆ±æƒ…çºªå¿µæ—¥-1209', '2015-03-16 23:17:12', 300, 300),
(100016, 10000, 'é™ˆå…¶è™Ž', 'uiy782w', 'jjd300457', 'æˆ‘çš„å­¦å·-20123892', '2015-03-16 23:18:40', 72, 100),
(100017, 10000, 'å­™å¹³', 'hhtpo492', 'jjd300458', 'æˆ‘æ¯äº²çš„ç”Ÿæ—¥-69å¹´12æœˆ3å·', '2015-03-16 23:19:55', 800, 800),
(100018, 10002, 'ç™½å°‘å†›', '123456yyu', 'mj500502', 'é»‘è‰²æ˜ŸæœŸäº”-ç™½è‰²ç¤¼æ‹œå…­', '2015-03-20 00:22:46', 282, 300);

/*!40101 SET CHARACTER_SET_CLIENT=@OLD_CHARACTER_SET_CLIENT */;
/*!40101 SET CHARACTER_SET_RESULTS=@OLD_CHARACTER_SET_RESULTS */;
/*!40101 SET COLLATION_CONNECTION=@OLD_COLLATION_CONNECTION */;
